{
  "posts": [
    {
      "id": "8b8a",
      "name": "Liberty Fernandez",
      "email": "xovyq@mailinator.com"
    },
    {
      "id": "c72b",
      "name": "Brock Vance",
      "email": "byli@mailinator.com"
    },
    {
      "id": "eabf",
      "name": "Deborah Sutton",
      "email": "xupazehe@mailinator.com"
    },
    {
      "id": "2390",
      "name": "Colin Roach",
      "email": "mubyje@mailinator.com"
    },
    {
      "id": "dec7",
      "name": "Venus Gray",
      "email": "lerydiget@mailinator.com"
    },
    {
      "id": "dc97",
      "name": "Edward Sherman",
      "email": "tisufyzig@mailinator.com"
    },
    {
      "id": "343b",
      "name": "Warren Yates",
      "email": "mijiqajyt@mailinator.com"
    },
    {
      "id": "e10f",
      "name": "Bertha Summers",
      "email": "nahary@mailinator.com"
    },
    {
      "id": "431e",
      "name": "Cassidy Murphy",
      "email": "jehetofama@mailinator.com"
    },
    {
      "id": "3708",
      "name": "Katelyn Prince",
      "email": "kyzygaf@mailinator.com"
    },
    {
      "id": "aa12",
      "name": "Axel Ferrell",
      "email": "wilelej@mailinator.com"
    },
    {
      "id": "4e65",
      "name": "Xyla Hill",
      "email": "cusuh@mailinator.com"
    }
  ]
}